[Header],,,,,,,,,
IEMFileVersion,4,,,,,,,,
Investigator Name,Vicent Pelechano,,,,,,,,
Experiment Name,,,,,,,,,
Date,30/06/2018,,,,,,,,
Workflow,GenerateFASTQ,,,,,,,,
Application,NextSeq FASTQ Only,,,,,,,,
Assay,Custom,,,,,,,,
Description,,,,,,,,,
Chemistry,Default,,,,,,,,
,,,,,,,,,
[Reads],,,,,,,,,
151,,,,,,,,,
,,,,,,,,,
,,,,,,,,,
[Settings],,,,,,,,,
Adapter,AGATCGGAAGAGCACACGTCTGAACTCCAGTCA,,,,,,,,
AdapterRead2,AGATCGGAAGAGCGTCGTGTAGGGAAAGAGTGT,,,,,,,,
,,,,,,,,,
[Data],,,,,,,,,
Sample_ID,Sample_Name,Sample_Plate,Sample_Well,I7_Index_ID,index,I5_Index_ID,index2,Sample_Project,Description
S1_1,,,,PE2_MPX_04,TGACCA,D503,AGGATAGG,,
S1_2,,,,PE2_MPX_05,ACAGTG,D503,AGGATAGG,,
S1_3,,,,PE2_MPX_06,GCCAAT,D503,AGGATAGG,,
S1_4,,,,PE2_MPX_07,CAGATC,D503,AGGATAGG,,
S1_5,,,,PE2_MPX_08,ACTTGA,D503,AGGATAGG,,
S1_6,,,,PE2_MPX_09,GATCAG,D503,AGGATAGG,,
S1_7,,,,PE2_MPX_10,TAGCTT,D503,AGGATAGG,,
S1_8,,,,PE2_MPX_11,GGCTAC,D503,AGGATAGG,,
S1_9,,,,PE2_MPX_12,CTTGTA,D503,AGGATAGG,,
S1_10,,,,PE2_MPX_13,AGTCAA,D503,AGGATAGG,,
S1_11,,,,PE2_MPX_14,AGTTCC,D503,AGGATAGG,,
S1_12,,,,PE2_MPX_15,ATGTCA,D503,AGGATAGG,,
S1_13,,,,PE2_MPX_16,CCGTCC,D503,AGGATAGG,,
S1_14,,,,PE2_MPX_17,GTAGAG,D503,AGGATAGG,,
S1_15,,,,PE2_MPX_18,GTCCGC,D503,AGGATAGG,,
S1_16,,,,PE2_MPX_19,GTGAAA,D503,AGGATAGG,,
S2_1,,,,PE2_MPX_04,TGACCA,D504,TCAGAGCC,,
S2_2,,,,PE2_MPX_05,ACAGTG,D504,TCAGAGCC,,
S2_3,,,,PE2_MPX_06,GCCAAT,D504,TCAGAGCC,,
S2_4,,,,PE2_MPX_07,CAGATC,D504,TCAGAGCC,,
S2_5,,,,PE2_MPX_08,ACTTGA,D504,TCAGAGCC,,
S2_6,,,,PE2_MPX_09,GATCAG,D504,TCAGAGCC,,
S2_7,,,,PE2_MPX_10,TAGCTT,D504,TCAGAGCC,,
S2_8,,,,PE2_MPX_11,GGCTAC,D504,TCAGAGCC,,
S2_9,,,,PE2_MPX_12,CTTGTA,D504,TCAGAGCC,,
S2_10,,,,PE2_MPX_13,AGTCAA,D504,TCAGAGCC,,
S2_11,,,,PE2_MPX_14,AGTTCC,D504,TCAGAGCC,,
S2_12,,,,PE2_MPX_15,ATGTCA,D504,TCAGAGCC,,
S2_13,,,,PE2_MPX_16,CCGTCC,D504,TCAGAGCC,,
S2_14,,,,PE2_MPX_17,GTAGAG,D504,TCAGAGCC,,
S2_15,,,,PE2_MPX_18,GTCCGC,D504,TCAGAGCC,,
S2_16,,,,PE2_MPX_19,GTGAAA,D504,TCAGAGCC,,
S3_1,,,,PE2_MPX_04,TGACCA,D505,CTTCGCCT,,
S3_2,,,,PE2_MPX_05,ACAGTG,D505,CTTCGCCT,,
S3_3,,,,PE2_MPX_06,GCCAAT,D505,CTTCGCCT,,
S3_4,,,,PE2_MPX_07,CAGATC,D505,CTTCGCCT,,
S3_5,,,,PE2_MPX_08,ACTTGA,D505,CTTCGCCT,,
S3_6,,,,PE2_MPX_09,GATCAG,D505,CTTCGCCT,,
S3_7,,,,PE2_MPX_10,TAGCTT,D505,CTTCGCCT,,
S3_8,,,,PE2_MPX_11,GGCTAC,D505,CTTCGCCT,,
S3_9,,,,PE2_MPX_12,CTTGTA,D505,CTTCGCCT,,
S3_10,,,,PE2_MPX_13,AGTCAA,D505,CTTCGCCT,,
S3_11,,,,PE2_MPX_14,AGTTCC,D505,CTTCGCCT,,
S3_12,,,,PE2_MPX_15,ATGTCA,D505,CTTCGCCT,,
S3_13,,,,PE2_MPX_16,CCGTCC,D505,CTTCGCCT,,
S3_14,,,,PE2_MPX_17,GTAGAG,D505,CTTCGCCT,,
S3_15,,,,PE2_MPX_18,GTCCGC,D505,CTTCGCCT,,
S3_16,,,,PE2_MPX_19,GTGAAA,D505,CTTCGCCT,,
S4_1,,,,PE2_MPX_04,TGACCA,D506,TAAGATTA,,
S4_2,,,,PE2_MPX_05,ACAGTG,D506,TAAGATTA,,
S4_3,,,,PE2_MPX_06,GCCAAT,D506,TAAGATTA,,
S4_4,,,,PE2_MPX_07,CAGATC,D506,TAAGATTA,,
S4_5,,,,PE2_MPX_08,ACTTGA,D506,TAAGATTA,,
S4_6,,,,PE2_MPX_09,GATCAG,D506,TAAGATTA,,
S4_7,,,,PE2_MPX_10,TAGCTT,D506,TAAGATTA,,
S4_8,,,,PE2_MPX_11,GGCTAC,D506,TAAGATTA,,
S4_9,,,,PE2_MPX_12,CTTGTA,D506,TAAGATTA,,
S4_10,,,,PE2_MPX_13,AGTCAA,D506,TAAGATTA,,
S4_11,,,,PE2_MPX_14,AGTTCC,D506,TAAGATTA,,
S4_12,,,,PE2_MPX_15,ATGTCA,D506,TAAGATTA,,
S5_1,,,,PE2_MPX_20,GTGGCC,D503,AGGATAGG,,
S5_2,,,,PE2_MPX_21,GTTTCG,D503,AGGATAGG,,
S5_3,,,,PE2_MPX_22,CGTACG,D503,AGGATAGG,,
S5_4,,,,PE2_MPX_20,GTGGCC,D504,TCAGAGCC,,
S5_5,,,,PE2_MPX_21,GTTTCG,D504,TCAGAGCC,,
S5_6,,,,PE2_MPX_22,CGTACG,D504,TCAGAGCC,,
S5_7,,,,PE2_MPX_20,GTGGCC,D505,CTTCGCCT,,
S5_8,,,,PE2_MPX_21,GTTTCG,D505,CTTCGCCT,,
S5_9,,,,PE2_MPX_22,CGTACG,D505,CTTCGCCT,,
S5_10,,,,PE2_MPX_20,GTGGCC,D506,TAAGATTA,,
S5_11,,,,PE2_MPX_21,GTTTCG,D506,TAAGATTA,,
S5_12,,,,PE2_MPX_22,CGTACG,D506,TAAGATTA,,
